label,count,percent
Diagnostics,191,20.693391115926328
Drugs,157,17.009750812567713
General_information,152,16.468039003250272
Care_Coordination,148,16.034669555796317
Scheduling_appt,135,14.626218851570963
Symptoms,100,10.834236186348862
Information-Giving,40,4.333694474539545
