label,count,percent
Scheduling_appt,60,16.666666666666664
Symptoms,60,16.666666666666664
Drugs,60,16.666666666666664
Care_Coordination,60,16.666666666666664
Diagnostics,60,16.666666666666664
General_information,60,16.666666666666664
