label,avg_cross_label_rate,n_items
Information-Giving,0.052893649004133785,887
Information-Giving_SDOH,0.06446540880503145,106
Information-Seeking,0.12905405405405407,148
Information-Seeking_SDOH,0.038461538461538464,26
PATIENT_PARTNERSHIP,0.23521335023236165,789
PATIENT_SHARED-DECISION_MAKING,0.10185185185185185,54
PROVIDER_PARTNERSHIP,0.4605244252873563,464
PROVIDER_Shared-Decision_Making,0.11403508771929824,57
Socioemotional_/_Empathy,0.1596244131455399,71
