{
  "num_graphs": 2081,
  "metrics": {
    "n_nodes": {
      "mean": 6.0,
      "std": 0.0
    },
    "n_edges": {
      "mean": 5.0,
      "std": 0.0
    },
    "density": {
      "mean": 0.33333333333333326,
      "std": 4.330910505053509e-15
    },
    "avg_degree": {
      "mean": 1.666666666666667,
      "std": 4.441959492362573e-14
    },
    "diameter_lcc": {
      "mean": 2.0,
      "std": 0.0
    },
    "aspl_lcc": {
      "mean": 1.666666666666667,
      "std": 4.441959492362573e-14
    },
    "avg_clustering": {
      "mean": 0.0,
      "std": 0.0
    },
    "degree_entropy": {
      "mean": 0.6500224216483542,
      "std": 1.4547417337487427e-14
    },
    "node_label_entropy": {
      "mean": 0.6500224216483542,
      "std": 1.4547417337487427e-14
    },
    "edge_label_entropy": {
      "mean": 0.0,
      "std": 0.0
    },
    "lap_num_unique_eigs": {
      "mean": 6.0,
      "std": 0.0
    },
    "lap_spectral_entropy": {
      "mean": 1.4858621230324545,
      "std": 0.2190977566466762
    },
    "adj_graph_energy": {
      "mean": 1.1195974997467044,
      "std": 0.16817149031982254
    }
  },
  "wl_distinguishability": {
    "unique": 1736,
    "total": 2081,
    "fraction_unique": 0.8342143200384431
  }
}