{
  "num_graphs": 1374,
  "metrics": {
    "n_nodes": {
      "mean": 2.2736535662299855,
      "std": 0.86407049153779
    },
    "n_edges": {
      "mean": 2.2736535662299855,
      "std": 0.86407049153779
    },
    "density": {
      "mean": 1.3854699521730087,
      "std": 0.7313783811820048
    },
    "avg_degree": {
      "mean": 2.0,
      "std": 0.0
    },
    "diameter_lcc": {
      "mean": 1.1921397379912664,
      "std": 0.650662225923313
    },
    "aspl_lcc": {
      "mean": 0.9855750791340312,
      "std": 0.42413576144313503
    },
    "avg_clustering": {
      "mean": 0.0,
      "std": 0.0
    },
    "degree_entropy": {
      "mean": 0.831689559985653,
      "std": 0.33261990443403355
    },
    "node_label_entropy": {
      "mean": 1.0864070061670168,
      "std": 0.5428973247494076
    },
    "edge_label_entropy": {
      "mean": 1.0706518620063925,
      "std": 0.5133976425934911
    },
    "lap_num_unique_eigs": {
      "mean": 2.2532751091703056,
      "std": 0.7746250000849054
    },
    "lap_spectral_entropy": {
      "mean": 0.2941385304569822,
      "std": 0.4439327006371008
    },
    "adj_graph_energy": {
      "mean": 1.9825945914404752,
      "std": 0.5066519457557515
    }
  },
  "wl_distinguishability": {
    "unique": 1344,
    "total": 1374,
    "fraction_unique": 0.9781659388646288
  }
}