{
  "num_graphs": 2081,
  "metrics": {
    "n_nodes": {
      "mean": 7.7462758289283995,
      "std": 4.691134931036356
    },
    "n_edges": {
      "mean": 6.72128784238347,
      "std": 4.664428965203973
    },
    "density": {
      "mean": 0.36851637834162115,
      "std": 0.26073414485625634
    },
    "avg_degree": {
      "mean": 1.5927127854828955,
      "std": 0.3295311434018528
    },
    "diameter_lcc": {
      "mean": 3.83805862566074,
      "std": 2.0206179744039714
    },
    "aspl_lcc": {
      "mean": 2.113645032378725,
      "std": 0.7900066184115188
    },
    "avg_clustering": {
      "mean": 0.0,
      "std": 0.0
    },
    "degree_entropy": {
      "mean": 1.1419722736250206,
      "std": 0.49585437765397966
    },
    "node_label_entropy": {
      "mean": 2.6184598382374134,
      "std": 0.9250034386875311
    },
    "edge_label_entropy": {
      "mean": 0.0,
      "std": 0.0
    },
    "lap_num_unique_eigs": {
      "mean": 6.40893801057184,
      "std": 3.6456635035685685
    },
    "lap_spectral_entropy": {
      "mean": 1.9486742516178839,
      "std": 1.0102855701449607
    },
    "adj_graph_energy": {
      "mean": 7.763354685272933,
      "std": 4.898492295698325
    }
  },
  "wl_distinguishability": {
    "unique": 1732,
    "total": 2081,
    "fraction_unique": 0.8322921672272946
  }
}