{
  "num_graphs": 1163,
  "metrics": {
    "n_nodes": {
      "mean": 4.366294067067928,
      "std": 2.617293001747376
    },
    "n_edges": {
      "mean": 3.698194325021496,
      "std": 3.0033065839584707
    },
    "density": {
      "mean": 0.4488299596447762,
      "std": 0.28208347958720836
    },
    "avg_degree": {
      "mean": 1.3847003129869582,
      "std": 0.6746201545825657
    },
    "diameter_lcc": {
      "mean": 2.4428202923473776,
      "std": 1.5941339188808004
    },
    "aspl_lcc": {
      "mean": 1.435633285261928,
      "std": 0.7474832547869278
    },
    "avg_clustering": {
      "mean": 0.059413592203789965,
      "std": 0.16386654290154215
    },
    "degree_entropy": {
      "mean": 0.9090107889632585,
      "std": 0.6113058276287093
    },
    "node_label_entropy": {
      "mean": 1.8205291907243553,
      "std": 0.9680304827577675
    },
    "edge_label_entropy": {
      "mean": 1.2248138280087744,
      "std": 0.86495712789855
    },
    "lap_num_unique_eigs": {
      "mean": 4.11006018916595,
      "std": 2.4126588656256227
    },
    "lap_spectral_entropy": {
      "mean": 1.2387554629284545,
      "std": 0.8890406332940711
    },
    "adj_graph_energy": {
      "mean": 4.580271868432591,
      "std": 3.3356791176017477
    }
  },
  "wl_distinguishability": {
    "unique": 832,
    "total": 1163,
    "fraction_unique": 0.7153912295786758
  }
}