{
  "num_graphs": 1554,
  "metrics": {
    "n_nodes": {
      "mean": 2.9504504504504503,
      "std": 1.1458890054468915
    },
    "n_edges": {
      "mean": 1.9504504504504505,
      "std": 1.1458890054468915
    },
    "density": {
      "mean": 0.6809998774284489,
      "std": 0.2774795298689363
    },
    "avg_degree": {
      "mean": 1.1993090028804316,
      "std": 0.3729233642754727
    },
    "diameter_lcc": {
      "mean": 1.5444015444015444,
      "std": 0.6065941004723189
    },
    "aspl_lcc": {
      "mean": 1.1993090028804316,
      "std": 0.3729233642754727
    },
    "avg_clustering": {
      "mean": 0.0,
      "std": 0.0
    },
    "degree_entropy": {
      "mean": 0.5143431692646289,
      "std": 0.4214116520261798
    },
    "node_label_entropy": {
      "mean": 1.447417033387431,
      "std": 0.5881704271616727
    },
    "edge_label_entropy": {
      "mean": 0.816163912242418,
      "std": 0.7389169218407771
    },
    "lap_num_unique_eigs": {
      "mean": 2.5444015444015444,
      "std": 0.6065941004723189
    },
    "lap_spectral_entropy": {
      "mean": 0.6475562133809885,
      "std": 0.5780831680104558
    },
    "adj_graph_energy": {
      "mean": 2.623652616112825,
      "std": 0.9585614356493134
    }
  },
  "wl_distinguishability": {
    "unique": 1325,
    "total": 1554,
    "fraction_unique": 0.8526383526383526
  }
}