{
  "num_graphs": 2081,
  "metrics": {
    "n_nodes": {
      "mean": 5.878423834694858,
      "std": 3.9448262873776363
    },
    "n_edges": {
      "mean": 5.027390677558866,
      "std": 4.15570962255655
    },
    "density": {
      "mean": 0.24193011333693726,
      "std": 0.18883096222040605
    },
    "avg_degree": {
      "mean": 1.2846177113285686,
      "std": 0.7688382481182597
    },
    "diameter_lcc": {
      "mean": 2.445939452186449,
      "std": 1.6466995236934268
    },
    "aspl_lcc": {
      "mean": 1.5287631356299967,
      "std": 0.9644274557596849
    },
    "avg_clustering": {
      "mean": 0.0,
      "std": 0.0
    },
    "degree_entropy": {
      "mean": 0.9116771069859045,
      "std": 0.6299979105577624
    },
    "node_label_entropy": {
      "mean": 1.6936197169940854,
      "std": 1.0968958898335395
    },
    "edge_label_entropy": {
      "mean": 1.4885739279875043,
      "std": 0.951857807907124
    },
    "lap_num_unique_eigs": {
      "mean": 4.57760691975012,
      "std": 3.0017395983941544
    },
    "lap_spectral_entropy": {
      "mean": 1.5482248030332921,
      "std": 1.0647174351345672
    },
    "adj_graph_energy": {
      "mean": 5.309975703711229,
      "std": 4.224048667043968
    }
  },
  "wl_distinguishability": {
    "unique": 1736,
    "total": 2081,
    "fraction_unique": 0.8342143200384431
  }
}