{
  "num_classes": 29,
  "total": 2602,
  "IR_max": 421.5,
  "CV": 1.7981646521915846,
  "entropy": 2.488758555921927,
  "entropy_normalized": 0.7390970920223318,
  "gini": 0.8540208235727145,
  "effective_classes": 6.850292106546545,
  "majority_class_count": 843,
  "minority_class_count": 2
}