{
  "accuracy": 0.5463917525773195,
  "macro_f1": 0.5222106991616974,
  "per_class_f1": {
    "Care_Coordination": 0.6153846153846154,
    "Diagnostics": 0.717948717948718,
    "Drugs": 0.5862068965517241,
    "General_information": 0.3508771929824561,
    "Health_care_access_and_quality": 0.3888888888888889,
    "Scheduling_appt": 0.5517241379310345,
    "Symptoms": 0.4444444444444444
  },
  "support": {
    "Care_Coordination": 30.0,
    "Diagnostics": 38.0,
    "Drugs": 32.0,
    "General_information": 30.0,
    "Health_care_access_and_quality": 17.0,
    "Scheduling_appt": 27.0,
    "Symptoms": 20.0
  },
  "label_map": {
    "Care_Coordination": 0,
    "Diagnostics": 1,
    "Drugs": 2,
    "General_information": 3,
    "Health_care_access_and_quality": 4,
    "Scheduling_appt": 5,
    "Symptoms": 6
  }
}