{
  "accuracy": 0.538961038961039,
  "macro_f1": 0.5253962583683947,
  "split": "stratified",
  "per_class_f1": {
    "Care_Coordination": 0.5614035087719298,
    "Diagnostics": 0.5833333333333334,
    "Drugs": 0.4117647058823529,
    "General_information": 0.4444444444444444,
    "Health_care_access_and_quality": 0.35294117647058826,
    "Scheduling_appt": 0.6923076923076923,
    "Symptoms": 0.631578947368421
  },
  "support": {
    "Care_Coordination": 25.0,
    "Diagnostics": 30.0,
    "Drugs": 24.0,
    "General_information": 24.0,
    "Health_care_access_and_quality": 12.0,
    "Scheduling_appt": 21.0,
    "Symptoms": 18.0
  }
}