{
  "accuracy": 0.6428571428571429,
  "macro_f1": 0.628281083483502,
  "per_class_f1": {
    "Care_Coordination": 0.6779661016949152,
    "Diagnostics": 0.7636363636363637,
    "Drugs": 0.6363636363636364,
    "General_information": 0.46808510638297873,
    "Health_care_access_and_quality": 0.5,
    "Scheduling_appt": 0.7804878048780488,
    "Symptoms": 0.5714285714285714
  },
  "support": {
    "Care_Coordination": 25.0,
    "Diagnostics": 30.0,
    "Drugs": 24.0,
    "General_information": 24.0,
    "Health_care_access_and_quality": 12.0,
    "Scheduling_appt": 21.0,
    "Symptoms": 18.0
  },
  "label_map": {
    "Care_Coordination": 0,
    "Diagnostics": 1,
    "Drugs": 2,
    "General_information": 3,
    "Health_care_access_and_quality": 4,
    "Scheduling_appt": 5,
    "Symptoms": 6
  }
}