{
  "available": true,
  "left_mean": 2.498847040737894,
  "right_mean": 4.789392774788624,
  "left_median": 0.0,
  "right_median": 1.0,
  "overall_median": 1.0
}