label,avg_rate_lsa,n_items_lsa,avg_rate_sbert,n_items_sbert,avg_rate_tfidf,n_items_tfidf,best_method,best_rate
Information-Giving,0.2204246523863209,887,0.27576099210823,887,0.0528936490041337,887,sbert,0.27576099210823
Information-Giving_SDOH,0.4944968553459119,106,0.5235849056603774,106,0.0644654088050314,106,sbert,0.5235849056603774
Information-Seeking,0.5307432432432433,148,0.617117117117117,148,0.129054054054054,148,sbert,0.617117117117117
Information-Seeking_SDOH,0.4615384615384615,26,0.6923076923076923,26,0.0384615384615384,26,sbert,0.6923076923076923
PATIENT_PARTNERSHIP,0.4171947613012251,789,0.4960920997042669,789,0.2352133502323616,789,sbert,0.4960920997042669
PATIENT_SHARED-DECISION_MAKING,0.3901234567901234,54,0.7225308641975309,54,0.1018518518518518,54,sbert,0.7225308641975309
PROVIDER_PARTNERSHIP,0.4058908045977011,464,0.3982399425287357,464,0.4605244252873563,464,tfidf,0.4605244252873563
PROVIDER_Shared-Decision_Making,0.4619883040935672,57,0.575438596491228,57,0.1140350877192982,57,sbert,0.575438596491228
Socioemotional_/_Empathy,0.5507042253521126,71,0.3258215962441314,71,0.1596244131455399,71,lsa,0.5507042253521126
