{
  "case_type_distribution":{
    "Other":1886,
    "nan":1531,
    "Medication":907,
    "Refill":786,
    "Clinical Question":256,
    "Referral":213,
    "Medical Records - Electronic":44,
    "Administrative":36,
    "Patient No Show":13,
    "NewRx":11,
    "Statement, Billing, or Insurance Question":7,
    "Medical Records - Paper":3
  },
  "desc_len_tokens":{
    "count":5693.0,
    "mean":43.8691375373,
    "std":35.4764813454,
    "min":1.0,
    "25%":21.0,
    "50%":33.0,
    "75%":56.0,
    "max":407.0
  },
  "desc_len_chars":{
    "count":5693.0,
    "mean":243.3507816617,
    "std":188.5466675238,
    "min":1.0,
    "25%":120.0,
    "50%":186.0,
    "75%":305.0,
    "max":2208.0
  },
  "cases_per_month":{
    "2023-01":148,
    "2023-02":181,
    "2023-03":148,
    "2023-04":247,
    "2023-05":226,
    "2023-06":166,
    "2023-07":126,
    "2023-08":166,
    "2023-09":125,
    "2023-10":204,
    "2023-11":155,
    "2023-12":130,
    "2024-01":187,
    "2024-02":206,
    "2024-03":201,
    "2024-04":184,
    "2024-05":155,
    "2024-06":167,
    "2024-07":124,
    "2024-08":176,
    "2024-09":190,
    "2024-10":212,
    "2024-11":177,
    "2024-12":209,
    "2025-01":242,
    "2025-02":138,
    "2025-03":170,
    "2025-04":229,
    "2025-05":179,
    "2025-06":290,
    "2025-07":235
  }
}