{
  "accuracy": 0.6649484536082474,
  "macro_f1": 0.6364416909835411,
  "per_class_f1": {
    "Care_Coordination": 0.78125,
    "Diagnostics": 0.8266666666666667,
    "Drugs": 0.6557377049180327,
    "General_information": 0.49122807017543857,
    "Health_care_access_and_quality": 0.42424242424242425,
    "Scheduling_appt": 0.711864406779661,
    "Symptoms": 0.5641025641025641
  },
  "support": {
    "Care_Coordination": 30.0,
    "Diagnostics": 38.0,
    "Drugs": 32.0,
    "General_information": 30.0,
    "Health_care_access_and_quality": 17.0,
    "Scheduling_appt": 27.0,
    "Symptoms": 20.0
  },
  "label_map": {
    "Care_Coordination": 0,
    "Diagnostics": 1,
    "Drugs": 2,
    "General_information": 3,
    "Health_care_access_and_quality": 4,
    "Scheduling_appt": 5,
    "Symptoms": 6
  }
}