{
  "accuracy": 0.6082474226804123,
  "macro_f1": 0.5860642443343816,
  "split": "stratified",
  "per_class_f1": {
    "Care_Coordination": 0.7301587301587301,
    "Diagnostics": 0.7647058823529411,
    "Drugs": 0.5666666666666667,
    "General_information": 0.4444444444444444,
    "Health_care_access_and_quality": 0.41025641025641024,
    "Scheduling_appt": 0.6984126984126984,
    "Symptoms": 0.4878048780487805
  },
  "support": {
    "Care_Coordination": 30.0,
    "Diagnostics": 38.0,
    "Drugs": 32.0,
    "General_information": 30.0,
    "Health_care_access_and_quality": 17.0,
    "Scheduling_appt": 27.0,
    "Symptoms": 20.0
  }
}