{
  "num_classes": 25,
  "total": 1479,
  "IR_max": 166.5,
  "CV": 1.3368601926288208,
  "entropy": 2.5739115869284546,
  "entropy_normalized": 0.799630593713209,
  "gini": 0.8885121930145773,
  "effective_classes": 8.969590729601062,
  "majority_class_count": 333,
  "minority_class_count": 2
}